INSERT INTO s_user (id, username, email, active, id_role) VALUES
('001',  'Agus Haryadi','agusharyadi@yahoo.com','TRUE','superior'),
('002',  'Ahmad Mukhlis','agussiswanto@tazkia.ac.id','TRUE','employee'),
('003',  'Agus Siswanto','','TRUE','employee'),
('004',  'Dewi Febriani','dewifebriani@tazkia.ac.id','TRUE','superior'),
('005',  'Siti Nurjanah','sitinurjanah@tazkia.ac.id','TRUE','employee'),
('006',  'Dicky Nurdiansyah','dikynurdiansyah@tazkia.ac.id','TRUE','employee'),
('007',  'Windia Fita','windiarini@tazkia.ac.id','TRUE','employee'),
('008',  'Murniati Mukhlisin','murniati@tazkia.ac.id','TRUE','superior'),
('009',  'Mukhamad Yasid','yasid@tazkia.ac.id','TRUE','superior'),
('010',  'Anita Priantina','anitapriantina@tazkia.ac.id','TRUE','superior'),
('011',  'Afif Zaerofi','afif@tazkia.ac.id','TRUE','superior'),
('012',  'Andang Heryahya','andang@tazkia.ac.id','TRUE','superior'),
('013',  'Miftakhus Surur','miftakh@tazkia.ac.id','TRUE','superior'),
('014',  'Hasan Ishaq','hasanishak@tazkia.ac.id','TRUE','superior'),
('015',  'Najahuddin','najahuddin@tazkia.ac.id','TRUE','employee'),
('016',  'Ria Marsella','riamarsella@tazkia.ac.id','TRUE','employee'),
('017',  'Hera Herdiansyah','hera@tazkia.ac.id','TRUE','superior'),
('018',  'Muhammad Isa','m.isa@tazkia.ac.id','TRUE','superior'),
('019',  'Erus Effendi','eruseffendi28@gmail.com','TRUE','superior'),
('020',  'Neng Sri','nengsrihartati@tazkia.ac.id','TRUE','superior'),
('021',  'Arijulmanan','arijul.manan@tazkia.ac.id','TRUE','superior'),
('022',  'Rusdiana Priatna','rusdi@tazkia.ac.id','TRUE','superior'),
('023',  'Endy Muhardin','endy@tazkia.ac.id','TRUE','superior'),
('024',  'Fakhrudin','fakhrudin@tazkia.ac.id','TRUE','superior'),
('025',  'Rizky Zakiya','rizqi@tazkia.ac.id','TRUE','superior'),
('026',  'Achmad Firdaus','achmad.firdaus@tazkia.ac.id','TRUE','superior'),
('027',  'Grandis Imama','grandis@tazkia.ac.id','TRUE','superior'),
('028',  'Thuba Jazil','thubajazil@tazkia.ac.id','TRUE','superior'),
('029',  'Nasher Akbar','n.akbar@tazkia.ac.id','TRUE','superior'),
('030',  'Abdurahman Misno','drmisnomei@tazkia.ac.id','TRUE','superior'),
('031',  'Syamsul Hadi','syamsulhadi@tazkia.ac.id','TRUE','superior'),
('032',  'Yaser Taufik ','','TRUE','superior'),
('033',  'Ronald Rulindo','rulindoku@gmail.com','TRUE','employee'),
('034',  'Syarif Surbakti','syarifsurbakti.themusys@gmail.com','TRUE','employee'),
('035',  'Erwandi Tarmizi','erwandi.tarmizi@gmail.com','TRUE','employee'),
('036',  'Rifki Ismal','rifki_ismal@yahoo.com','TRUE','employee'),
('037',  'Sigid Eko','sigideko@tazkia.ac.id','TRUE','employee'),
('038',  'Bayu Taufiq','btaufiq@gmail.com','TRUE','employee'),
('039',  'Rochania Ayu','rayunanda@tazkia.ac.id','TRUE','employee'),
('040',  'Achmad Djazuli','achmaddjazuli@tazkia.ac.id','TRUE','employee'),
('041',  'Sugiyarti Fatma','ela@tazkia.ac.id','TRUE','employee'),
('042',  'Galih Kurniawan','galih@tazkia.ac.id','TRUE','employee'),
('043',  'Sulhani','sulhani@tazkia.ac.id','TRUE','superior'),
('044',  'Faried Kurnia','faried@tazkia.ac.id','TRUE','employee'),
('045',  'Taqiyuddin','taqiyuddin@tazkia.ac.id','TRUE','employee'),
('046',  'Ries Wulandari','rieswulandari@tazkia.ac.id','TRUE','superior'),
('047',  'Unang Fauzi','unangfauzi@tazkia.ac.id','TRUE','employee'),
('048',  'Abdul Mughni','abdulmughni@tazkia.ac.id','TRUE','employee'),
('049',  'Shaifurrokhman','smahfudz@gmail.com','TRUE','employee'),
('050',  'Sutopo','','TRUE','employee'),
('051',  'Putri Syifa','syifa.amalia@tazkia.ac.id','TRUE','employee'),
('052',  'Saniatun Nurhasanah','saniatun@tazkia.ac.id','TRUE','employee'),
('053',  'Dodi Yarli','dodiyarli@tazkia.ac.id','TRUE','employee'),
('054',  'Aminah Nuriyah','anaminuri@tazkia.ac.id','TRUE','employee'),
('055',  'Arip Rahman','ariprahman@tazkia.ac.id','TRUE','employee'),
('056',  'Yanti Sri','yanti@tazkia.ac.id','TRUE','employee'),
('057',  'Ika Annisa','ikaannisa@tazkia.ac.id','TRUE','employee'),
('058',  'Usnaeni','usnaeni@tazkia.ac.id','TRUE','employee'),
('059',  'Vicky Riza','vicky@tazkia.ac.id','TRUE','employee'),
('060',  'Jaisul Firdaus','jaisul@tazkia.ac.id','TRUE','employee'),
('061',  'Dika Wijaya','dikawijaya@tazkia.ac.id','TRUE','employee'),
('062',  'Wahyudin','wahyudin@tazkia.ac.id','TRUE','employee'),
('063',  'Joko Triono','jokotriono@tazkia.ac.id','TRUE','employee'),
('064',  'Siti Sulthonah','siti2.sultonah@gmail.com','TRUE','employee'),
('065',  'Atang Sumantri','atangsumantri@tazkia.ac.id','TRUE','employee'),
('066',  'Oki Satriyan','satriyanoki@tazkia.ac.id','TRUE','employee'),
('067',  'Derry','derry@tazkia.ac.id','TRUE','employee'),
('068',  'Abdul Hamid','abdulhamid@tazkia.ac.id','TRUE','employee'),
('069',  'Rehana Nurina','rehana.nurina26@gmail.com','TRUE','employee'),
('070',  'Anita','','TRUE','employee'),
('071',  'Risqan Abadi','','TRUE','employee'),
('072',  'Akbar','','TRUE','employee'),
('073',  'Rian Alfiansyah','','TRUE','employee'),
('074',  'Rizki Akbar','','TRUE','employee'),
('075',  'Mohammad Bintang','bintang.pamuncak@gmail.com','TRUE','employee'),
('076',  'Riyan Ariyandi','riyanariyandi77@gmail.com','TRUE','employee'),
('077',  'Nashiruddin','','TRUE','employee'),
('078',  'Lalu Alpin','','TRUE','employee'),
('079',  'Dina Maharani','maharanidina95@yahoo.com','TRUE','employee'),
('080',  'Lilik Hardianti','l2kmath@gmail.com','TRUE','employee'),
('081',  'Adita Dyah','aditadyahasokawati@gmail.com','TRUE','employee'),
('082',  'Fuadatul Istiqomah','','TRUE','employee'),
('083',  'Sitti Rajab','','TRUE','employee'),
('084',  'Diva Azka','divaazka.karimah@gmail.com','TRUE','employee'),
('085',  'Hikmah Hidayati','hikmahtazkia@yahoo.com','TRUE','employee'),
('086',  'Linawati','linawati_sf@yahoo.com','TRUE','employee'),
('087',  'Shofi Arofatul','shofiarofatulm@gmail.com','TRUE','employee'),
('088',  'Siti Solihatul','siti@tazkia.ac.id','TRUE','employee'),
('089',  'Alauddin Naufal','alauddinassiraj@gmail.com','TRUE','employee'),
('090',  'Muhamad Furqon','mfurqon@tazkia.ac.id','TRUE','employee'),
('091',  'Sellia Prilianty','sellia@tazkia.ac.id','TRUE','employee'),
('092',  'Wuri Putri','wuri.putri@tazkia.ac.id','TRUE','employee'),
('093',  'Kemal','','TRUE','employee'),
('094',  'Abdul Rohman','','TRUE','employee'),
('095',  'Abdullah','abdullah@tazkia.ac.id','TRUE','employee'),
('096',  'Asep','aseptazkia@yahoo.com','TRUE','employee'),
('097',  'Rosadi','rosaditazkia@gmail.com','TRUE','employee'),
('098',  'Sulaiman Nurdinsyah','','TRUE','employee'),
('099',  'Berry Irawan','berrymoeslem@gmail.com','TRUE','employee'),
('100',  'Pardiman','','TRUE','employee'),
('101',  'Farach','farach@tazkia.ac.id','TRUE','employee'),
('102',  'Warsono','','TRUE','employee'),
('103',  'Mientarsih','','TRUE','employee'),
('104',  'Eka Triana','','TRUE','employee'),
('105',  'Yudi Wahyudi','yudiwahyudi527@gmail.com','TRUE','employee'),
('106',  'Nurul Adhom','adhom@tazkia.ac.id','TRUE','employee'),
('107',  'Adi Mulya','suprayogi@tazkia.ac.id','TRUE','employee'),
('108',  'Yodi Anwar','yodi.yanwar@tazkia.ac.id','TRUE','employee'),
('109',  'Ramadhani Indra','ramadhani.drasaw@gmail.com','TRUE','employee'),
('110',  'Haffizh Ahmad','haffizh15@gmail.com','TRUE','employee'),
('111',  'Gifar Haidar','gfrhaidar@gmail.com','TRUE','employee'),
('112',  'Sadam Husen','msadamhusein@tazkia.ac.id','TRUE','employee'),
('113',  'Irma Amalia','irmaamalia@tazkia.ac.id','TRUE','employee'),
('114',  'Arif Sumandar','arifsumandar@tazkia.ac.id','TRUE','employee'),
('115',  'Miftahul Anwar','','TRUE','employee'),
('116',  'Dofir Fauzi','dofirfauzi@tazkia.ac.id','TRUE','employee'),
('117',  'Jhonson Abdul','jhonson@tazkia.ac.id','TRUE','employee'),
('118',  'Muhammad Hafizhuddin','mhmmdhafizh@gmail.com','TRUE','employee'),
('119',  'Muhammad Iqbal','iqbal@tazkia.ac.id','TRUE','employee'),
('120',  'Neti Dewi','','TRUE','employee');

-- Password : 123
INSERT INTO s_user_password (id, id_user, password) VALUES
  ('001','001','$2a$17$g6pNPoXyIknhS1lax/zIoetaUWWTeG7tP/xV3Fpx1FCY3mjDfWnT.'),
  ('002','002','$2a$17$g6pNPoXyIknhS1lax/zIoetaUWWTeG7tP/xV3Fpx1FCY3mjDfWnT.'),
  ('003','003','$2a$17$g6pNPoXyIknhS1lax/zIoetaUWWTeG7tP/xV3Fpx1FCY3mjDfWnT.'),
  ('004','004','$2a$17$g6pNPoXyIknhS1lax/zIoetaUWWTeG7tP/xV3Fpx1FCY3mjDfWnT.'),
  ('005','005','$2a$17$g6pNPoXyIknhS1lax/zIoetaUWWTeG7tP/xV3Fpx1FCY3mjDfWnT.'),
  ('006','006','$2a$17$g6pNPoXyIknhS1lax/zIoetaUWWTeG7tP/xV3Fpx1FCY3mjDfWnT.'),
  ('007','007','$2a$17$g6pNPoXyIknhS1lax/zIoetaUWWTeG7tP/xV3Fpx1FCY3mjDfWnT.'),
  ('008','008','$2a$17$g6pNPoXyIknhS1lax/zIoetaUWWTeG7tP/xV3Fpx1FCY3mjDfWnT.'),
  ('009','009','$2a$17$g6pNPoXyIknhS1lax/zIoetaUWWTeG7tP/xV3Fpx1FCY3mjDfWnT.'),
  ('010','010','$2a$17$g6pNPoXyIknhS1lax/zIoetaUWWTeG7tP/xV3Fpx1FCY3mjDfWnT.'),
  ('011','011','$2a$17$g6pNPoXyIknhS1lax/zIoetaUWWTeG7tP/xV3Fpx1FCY3mjDfWnT.'),
  ('012','012','$2a$17$g6pNPoXyIknhS1lax/zIoetaUWWTeG7tP/xV3Fpx1FCY3mjDfWnT.'),
  ('013','013','$2a$17$g6pNPoXyIknhS1lax/zIoetaUWWTeG7tP/xV3Fpx1FCY3mjDfWnT.'),
  ('014','014','$2a$17$g6pNPoXyIknhS1lax/zIoetaUWWTeG7tP/xV3Fpx1FCY3mjDfWnT.'),
  ('015','015','$2a$17$g6pNPoXyIknhS1lax/zIoetaUWWTeG7tP/xV3Fpx1FCY3mjDfWnT.'),
  ('016','016','$2a$17$g6pNPoXyIknhS1lax/zIoetaUWWTeG7tP/xV3Fpx1FCY3mjDfWnT.'),
  ('017','017','$2a$17$g6pNPoXyIknhS1lax/zIoetaUWWTeG7tP/xV3Fpx1FCY3mjDfWnT.'),
  ('018','018','$2a$17$g6pNPoXyIknhS1lax/zIoetaUWWTeG7tP/xV3Fpx1FCY3mjDfWnT.'),
  ('019','019','$2a$17$g6pNPoXyIknhS1lax/zIoetaUWWTeG7tP/xV3Fpx1FCY3mjDfWnT.'),
  ('020','020','$2a$17$g6pNPoXyIknhS1lax/zIoetaUWWTeG7tP/xV3Fpx1FCY3mjDfWnT.'),
  ('021','021','$2a$17$g6pNPoXyIknhS1lax/zIoetaUWWTeG7tP/xV3Fpx1FCY3mjDfWnT.'),
  ('022','022','$2a$17$g6pNPoXyIknhS1lax/zIoetaUWWTeG7tP/xV3Fpx1FCY3mjDfWnT.'),
  ('023','023','$2a$17$g6pNPoXyIknhS1lax/zIoetaUWWTeG7tP/xV3Fpx1FCY3mjDfWnT.'),
  ('024','024','$2a$17$g6pNPoXyIknhS1lax/zIoetaUWWTeG7tP/xV3Fpx1FCY3mjDfWnT.'),
  ('025','025','$2a$17$g6pNPoXyIknhS1lax/zIoetaUWWTeG7tP/xV3Fpx1FCY3mjDfWnT.'),
  ('026','026','$2a$17$g6pNPoXyIknhS1lax/zIoetaUWWTeG7tP/xV3Fpx1FCY3mjDfWnT.'),
  ('027','027','$2a$17$g6pNPoXyIknhS1lax/zIoetaUWWTeG7tP/xV3Fpx1FCY3mjDfWnT.'),
  ('028','028','$2a$17$g6pNPoXyIknhS1lax/zIoetaUWWTeG7tP/xV3Fpx1FCY3mjDfWnT.'),
  ('029','029','$2a$17$g6pNPoXyIknhS1lax/zIoetaUWWTeG7tP/xV3Fpx1FCY3mjDfWnT.'),
  ('030','030','$2a$17$g6pNPoXyIknhS1lax/zIoetaUWWTeG7tP/xV3Fpx1FCY3mjDfWnT.'),
  ('031','031','$2a$17$g6pNPoXyIknhS1lax/zIoetaUWWTeG7tP/xV3Fpx1FCY3mjDfWnT.'),
  ('032','032','$2a$17$g6pNPoXyIknhS1lax/zIoetaUWWTeG7tP/xV3Fpx1FCY3mjDfWnT.'),
  ('033','033','$2a$17$g6pNPoXyIknhS1lax/zIoetaUWWTeG7tP/xV3Fpx1FCY3mjDfWnT.'),
  ('034','034','$2a$17$g6pNPoXyIknhS1lax/zIoetaUWWTeG7tP/xV3Fpx1FCY3mjDfWnT.'),
  ('035','035','$2a$17$g6pNPoXyIknhS1lax/zIoetaUWWTeG7tP/xV3Fpx1FCY3mjDfWnT.'),
  ('036','036','$2a$17$g6pNPoXyIknhS1lax/zIoetaUWWTeG7tP/xV3Fpx1FCY3mjDfWnT.'),
  ('037','037','$2a$17$g6pNPoXyIknhS1lax/zIoetaUWWTeG7tP/xV3Fpx1FCY3mjDfWnT.'),
  ('038','038','$2a$17$g6pNPoXyIknhS1lax/zIoetaUWWTeG7tP/xV3Fpx1FCY3mjDfWnT.'),
  ('039','039','$2a$17$g6pNPoXyIknhS1lax/zIoetaUWWTeG7tP/xV3Fpx1FCY3mjDfWnT.'),
  ('040','040','$2a$17$g6pNPoXyIknhS1lax/zIoetaUWWTeG7tP/xV3Fpx1FCY3mjDfWnT.'),
  ('041','041','$2a$17$g6pNPoXyIknhS1lax/zIoetaUWWTeG7tP/xV3Fpx1FCY3mjDfWnT.'),
  ('042','042','$2a$17$g6pNPoXyIknhS1lax/zIoetaUWWTeG7tP/xV3Fpx1FCY3mjDfWnT.'),
  ('043','043','$2a$17$g6pNPoXyIknhS1lax/zIoetaUWWTeG7tP/xV3Fpx1FCY3mjDfWnT.'),
  ('044','044','$2a$17$g6pNPoXyIknhS1lax/zIoetaUWWTeG7tP/xV3Fpx1FCY3mjDfWnT.'),
  ('045','045','$2a$17$g6pNPoXyIknhS1lax/zIoetaUWWTeG7tP/xV3Fpx1FCY3mjDfWnT.'),
  ('046','046','$2a$17$g6pNPoXyIknhS1lax/zIoetaUWWTeG7tP/xV3Fpx1FCY3mjDfWnT.'),
  ('047','047','$2a$17$g6pNPoXyIknhS1lax/zIoetaUWWTeG7tP/xV3Fpx1FCY3mjDfWnT.'),
  ('048','048','$2a$17$g6pNPoXyIknhS1lax/zIoetaUWWTeG7tP/xV3Fpx1FCY3mjDfWnT.'),
  ('049','049','$2a$17$g6pNPoXyIknhS1lax/zIoetaUWWTeG7tP/xV3Fpx1FCY3mjDfWnT.'),
  ('050','050','$2a$17$g6pNPoXyIknhS1lax/zIoetaUWWTeG7tP/xV3Fpx1FCY3mjDfWnT.'),
  ('051','051','$2a$17$g6pNPoXyIknhS1lax/zIoetaUWWTeG7tP/xV3Fpx1FCY3mjDfWnT.'),
  ('052','052','$2a$17$g6pNPoXyIknhS1lax/zIoetaUWWTeG7tP/xV3Fpx1FCY3mjDfWnT.'),
  ('053','053','$2a$17$g6pNPoXyIknhS1lax/zIoetaUWWTeG7tP/xV3Fpx1FCY3mjDfWnT.'),
  ('054','054','$2a$17$g6pNPoXyIknhS1lax/zIoetaUWWTeG7tP/xV3Fpx1FCY3mjDfWnT.'),
  ('055','055','$2a$17$g6pNPoXyIknhS1lax/zIoetaUWWTeG7tP/xV3Fpx1FCY3mjDfWnT.'),
  ('056','056','$2a$17$g6pNPoXyIknhS1lax/zIoetaUWWTeG7tP/xV3Fpx1FCY3mjDfWnT.'),
  ('057','057','$2a$17$g6pNPoXyIknhS1lax/zIoetaUWWTeG7tP/xV3Fpx1FCY3mjDfWnT.'),
  ('058','058','$2a$17$g6pNPoXyIknhS1lax/zIoetaUWWTeG7tP/xV3Fpx1FCY3mjDfWnT.'),
  ('059','059','$2a$17$g6pNPoXyIknhS1lax/zIoetaUWWTeG7tP/xV3Fpx1FCY3mjDfWnT.'),
  ('060','060','$2a$17$g6pNPoXyIknhS1lax/zIoetaUWWTeG7tP/xV3Fpx1FCY3mjDfWnT.'),
  ('061','061','$2a$17$g6pNPoXyIknhS1lax/zIoetaUWWTeG7tP/xV3Fpx1FCY3mjDfWnT.'),
  ('062','062','$2a$17$g6pNPoXyIknhS1lax/zIoetaUWWTeG7tP/xV3Fpx1FCY3mjDfWnT.'),
  ('063','063','$2a$17$g6pNPoXyIknhS1lax/zIoetaUWWTeG7tP/xV3Fpx1FCY3mjDfWnT.'),
  ('064','064','$2a$17$g6pNPoXyIknhS1lax/zIoetaUWWTeG7tP/xV3Fpx1FCY3mjDfWnT.'),
  ('065','065','$2a$17$g6pNPoXyIknhS1lax/zIoetaUWWTeG7tP/xV3Fpx1FCY3mjDfWnT.'),
  ('066','066','$2a$17$g6pNPoXyIknhS1lax/zIoetaUWWTeG7tP/xV3Fpx1FCY3mjDfWnT.'),
  ('067','067','$2a$17$g6pNPoXyIknhS1lax/zIoetaUWWTeG7tP/xV3Fpx1FCY3mjDfWnT.'),
  ('068','068','$2a$17$g6pNPoXyIknhS1lax/zIoetaUWWTeG7tP/xV3Fpx1FCY3mjDfWnT.'),
  ('069','069','$2a$17$g6pNPoXyIknhS1lax/zIoetaUWWTeG7tP/xV3Fpx1FCY3mjDfWnT.'),
  ('070','070','$2a$17$g6pNPoXyIknhS1lax/zIoetaUWWTeG7tP/xV3Fpx1FCY3mjDfWnT.'),
  ('071','071','$2a$17$g6pNPoXyIknhS1lax/zIoetaUWWTeG7tP/xV3Fpx1FCY3mjDfWnT.'),
  ('072','072','$2a$17$g6pNPoXyIknhS1lax/zIoetaUWWTeG7tP/xV3Fpx1FCY3mjDfWnT.'),
  ('073','073','$2a$17$g6pNPoXyIknhS1lax/zIoetaUWWTeG7tP/xV3Fpx1FCY3mjDfWnT.'),
  ('074','074','$2a$17$g6pNPoXyIknhS1lax/zIoetaUWWTeG7tP/xV3Fpx1FCY3mjDfWnT.'),
  ('075','075','$2a$17$g6pNPoXyIknhS1lax/zIoetaUWWTeG7tP/xV3Fpx1FCY3mjDfWnT.'),
  ('076','076','$2a$17$g6pNPoXyIknhS1lax/zIoetaUWWTeG7tP/xV3Fpx1FCY3mjDfWnT.'),
  ('077','077','$2a$17$g6pNPoXyIknhS1lax/zIoetaUWWTeG7tP/xV3Fpx1FCY3mjDfWnT.'),
  ('078','078','$2a$17$g6pNPoXyIknhS1lax/zIoetaUWWTeG7tP/xV3Fpx1FCY3mjDfWnT.'),
  ('079','079','$2a$17$g6pNPoXyIknhS1lax/zIoetaUWWTeG7tP/xV3Fpx1FCY3mjDfWnT.'),
  ('080','080','$2a$17$g6pNPoXyIknhS1lax/zIoetaUWWTeG7tP/xV3Fpx1FCY3mjDfWnT.'),
  ('081','081','$2a$17$g6pNPoXyIknhS1lax/zIoetaUWWTeG7tP/xV3Fpx1FCY3mjDfWnT.'),
  ('082','082','$2a$17$g6pNPoXyIknhS1lax/zIoetaUWWTeG7tP/xV3Fpx1FCY3mjDfWnT.'),
  ('083','083','$2a$17$g6pNPoXyIknhS1lax/zIoetaUWWTeG7tP/xV3Fpx1FCY3mjDfWnT.'),
  ('084','084','$2a$17$g6pNPoXyIknhS1lax/zIoetaUWWTeG7tP/xV3Fpx1FCY3mjDfWnT.'),
  ('085','085','$2a$17$g6pNPoXyIknhS1lax/zIoetaUWWTeG7tP/xV3Fpx1FCY3mjDfWnT.'),
  ('086','086','$2a$17$g6pNPoXyIknhS1lax/zIoetaUWWTeG7tP/xV3Fpx1FCY3mjDfWnT.'),
  ('087','087','$2a$17$g6pNPoXyIknhS1lax/zIoetaUWWTeG7tP/xV3Fpx1FCY3mjDfWnT.'),
  ('088','088','$2a$17$g6pNPoXyIknhS1lax/zIoetaUWWTeG7tP/xV3Fpx1FCY3mjDfWnT.'),
  ('089','089','$2a$17$g6pNPoXyIknhS1lax/zIoetaUWWTeG7tP/xV3Fpx1FCY3mjDfWnT.'),
  ('090','090','$2a$17$g6pNPoXyIknhS1lax/zIoetaUWWTeG7tP/xV3Fpx1FCY3mjDfWnT.'),
  ('091','091','$2a$17$g6pNPoXyIknhS1lax/zIoetaUWWTeG7tP/xV3Fpx1FCY3mjDfWnT.'),
  ('092','092','$2a$17$g6pNPoXyIknhS1lax/zIoetaUWWTeG7tP/xV3Fpx1FCY3mjDfWnT.'),
  ('093','093','$2a$17$g6pNPoXyIknhS1lax/zIoetaUWWTeG7tP/xV3Fpx1FCY3mjDfWnT.'),
  ('094','094','$2a$17$g6pNPoXyIknhS1lax/zIoetaUWWTeG7tP/xV3Fpx1FCY3mjDfWnT.'),
  ('095','095','$2a$17$g6pNPoXyIknhS1lax/zIoetaUWWTeG7tP/xV3Fpx1FCY3mjDfWnT.'),
  ('096','096','$2a$17$g6pNPoXyIknhS1lax/zIoetaUWWTeG7tP/xV3Fpx1FCY3mjDfWnT.'),
  ('097','097','$2a$17$g6pNPoXyIknhS1lax/zIoetaUWWTeG7tP/xV3Fpx1FCY3mjDfWnT.'),
  ('098','098','$2a$17$g6pNPoXyIknhS1lax/zIoetaUWWTeG7tP/xV3Fpx1FCY3mjDfWnT.'),
  ('099','099','$2a$17$g6pNPoXyIknhS1lax/zIoetaUWWTeG7tP/xV3Fpx1FCY3mjDfWnT.'),
  ('100','100','$2a$17$g6pNPoXyIknhS1lax/zIoetaUWWTeG7tP/xV3Fpx1FCY3mjDfWnT.'),
  ('101','101','$2a$17$g6pNPoXyIknhS1lax/zIoetaUWWTeG7tP/xV3Fpx1FCY3mjDfWnT.'),
  ('102','102','$2a$17$g6pNPoXyIknhS1lax/zIoetaUWWTeG7tP/xV3Fpx1FCY3mjDfWnT.'),
  ('103','103','$2a$17$g6pNPoXyIknhS1lax/zIoetaUWWTeG7tP/xV3Fpx1FCY3mjDfWnT.'),
  ('104','104','$2a$17$g6pNPoXyIknhS1lax/zIoetaUWWTeG7tP/xV3Fpx1FCY3mjDfWnT.'),
  ('105','105','$2a$17$g6pNPoXyIknhS1lax/zIoetaUWWTeG7tP/xV3Fpx1FCY3mjDfWnT.'),
  ('106','106','$2a$17$g6pNPoXyIknhS1lax/zIoetaUWWTeG7tP/xV3Fpx1FCY3mjDfWnT.'),
  ('107','107','$2a$17$g6pNPoXyIknhS1lax/zIoetaUWWTeG7tP/xV3Fpx1FCY3mjDfWnT.'),
  ('108','108','$2a$17$g6pNPoXyIknhS1lax/zIoetaUWWTeG7tP/xV3Fpx1FCY3mjDfWnT.'),
  ('109','109','$2a$17$g6pNPoXyIknhS1lax/zIoetaUWWTeG7tP/xV3Fpx1FCY3mjDfWnT.'),
  ('110','110','$2a$17$g6pNPoXyIknhS1lax/zIoetaUWWTeG7tP/xV3Fpx1FCY3mjDfWnT.'),
  ('111','111','$2a$17$g6pNPoXyIknhS1lax/zIoetaUWWTeG7tP/xV3Fpx1FCY3mjDfWnT.'),
  ('112','112','$2a$17$g6pNPoXyIknhS1lax/zIoetaUWWTeG7tP/xV3Fpx1FCY3mjDfWnT.'),
  ('113','113','$2a$17$g6pNPoXyIknhS1lax/zIoetaUWWTeG7tP/xV3Fpx1FCY3mjDfWnT.'),
  ('114','114','$2a$17$g6pNPoXyIknhS1lax/zIoetaUWWTeG7tP/xV3Fpx1FCY3mjDfWnT.'),
  ('115','115','$2a$17$g6pNPoXyIknhS1lax/zIoetaUWWTeG7tP/xV3Fpx1FCY3mjDfWnT.'),
  ('116','116','$2a$17$g6pNPoXyIknhS1lax/zIoetaUWWTeG7tP/xV3Fpx1FCY3mjDfWnT.'),
  ('117','117','$2a$17$g6pNPoXyIknhS1lax/zIoetaUWWTeG7tP/xV3Fpx1FCY3mjDfWnT.'),
  ('118','118','$2a$17$g6pNPoXyIknhS1lax/zIoetaUWWTeG7tP/xV3Fpx1FCY3mjDfWnT.'),
  ('119','119','$2a$17$g6pNPoXyIknhS1lax/zIoetaUWWTeG7tP/xV3Fpx1FCY3mjDfWnT.'),
  ('120','120','$2a$17$g6pNPoXyIknhS1lax/zIoetaUWWTeG7tP/xV3Fpx1FCY3mjDfWnT.');

insert into staff_superior values
('001','041','011'),
('002','042','011'),
('003','014','012'),
('004','017','012'),
('005','018','012'),
('006','019','012'),
('007','027','012'),
('008','028','012'),
('009','029','012'),
('010','030','012'),
('011','031','012'),
('012','032','012'),
('013','045','010'),
('014','091','021'),
('015','092','021'),
('016','005','004'),
('017','006','004'),
('018','007','004'),
('019','033','026'),
('020','034','026'),
('021','035','026'),
('022','036','026'),
('023','037','026'),
('024','038','026'),
('025','031','026'),
('026','056','026'),
('027','047','030'),
('028','048','030'),
('029','049','030'),
('030','053','030'),
('031','026','009'),
('032','009','008'),
('033','010','008'),
('034','011','008'),
('035','012','008'),
('036','013','008'),
('037','015','008'),
('038','016','008'),
('039','106','023'),
('040','107','023'),
('041','108','023'),
('042','109','023'),
('043','110','023'),
('044','111','023'),
('045','063','019'),
('046','064','019'),
('047','065','019'),
('048','119','024'),
('049','039','027'),
('050','004','027'),
('051','040','027'),
('052','041','027'),
('053','008','027'),
('054','042','027'),
('055','043','027'),
('056','051','027'),
('057','055','014'),
('058','067','014'),
('059','068','014'),
('060','069','014'),
('061','070','014'),
('062','071','014'),
('063','072','014'),
('064','073','014'),
('065','074','014'),
('066','075','014'),
('067','076','014'),
('068','077','014'),
('069','078','014'),
('070','079','014'),
('071','080','014'),
('072','081','014'),
('073','082','014'),
('074','083','014'),
('075','084','014'),
('076','085','014'),
('077','086','014'),
('078','087','014'),
('079','057','017'),
('080','058','017'),
('081','059','017'),
('082','060','017'),
('083','061','017'),
('084','062','017'),
('085','002','001'),
('086','003','001'),
('087','004','001'),
('088','008','001'),
('089','024','013'),
('090','025','013'),
('091','066','018'),
('092','010','029'),
('093','046','029'),
('094','088','020'),
('095','089','020'),
('096','090','020'),
('097','054','046'),
('098','112','025'),
('099','113','025'),
('100','114','025'),
('101','115','025'),
('102','116','025'),
('103','117','025'),
('104','118','025'),
('105','093','022'),
('106','094','022'),
('107','095','022'),
('108','096','022'),
('109','097','022'),
('110','098','022'),
('111','099','022'),
('112','100','022'),
('113','101','022'),
('114','102','022'),
('115','103','022'),
('116','104','022'),
('117','105','022'),
('118','069','022'),
('119','117','022'),
('120','020','043'),
('121','021','043'),
('122','022','043'),
('123','023','043'),
('124','120','031'),
('125','044','028'),
('126','011','028'),
('127','045','028'),
('128','009','028'),
('129','052','028'),
('130','050','032');